#node	clock_length	mutation_length	rate	fold_change
SAMEA3541827	1.082e-05	3.440e-06	2.852e-09	0.32
NODE2	9.232e-06	1.184e-05	1.146e-08	1.28
SAMEA104233046	3.878e-06	2.365e-06	5.348e-09	0.60
NODE4	4.145e-07	6.447e-07	1.147e-08	1.28
SAMEA104233050	2.287e-06	8.596e-07	4.093e-09	0.46
NODE6	2.544e-06	6.453e-06	1.993e-08	2.22
SAMEA104233047	1.341e-06	4.299e-07	2.865e-09	0.32
NODE8	3.934e-06	1.313e-05	2.607e-08	2.91
SAMEA104233049	2.110e-07	2.149e-07	8.981e-09	1.00
NODE10	3.297e-06	1.119e-05	2.650e-08	2.95
SAMEA104233048	3.171e-07	6.448e-07	1.213e-08	1.35
SAMEA3541826	2.441e-06	2.580e-06	9.336e-09	1.04
NODE13	4.158e-06	4.945e-06	1.117e-08	1.25
NODE14	4.998e-05	3.236e-05	5.773e-09	0.64
GCA_000323485.1_ASM32348v1_genomic	7.829e-08	2.149e-07	9.975e-09	1.11
GCA_000323845.1_ASM32384v1_genomic	6.932e-08	3.408e-21	7.803e-09	0.87
NODE17	9.296e-06	1.615e-05	1.538e-08	1.71
NODE18	2.176e-05	3.193e-05	1.337e-08	1.49
NODE19	1.346e-05	1.658e-05	1.064e-08	1.19
GCA_001294825.1_ASM129482v1_genomic	5.743e-06	2.149e-07	8.969e-10	0.10
GCA_002127375.1_ASM212737v1_genomic	5.868e-06	8.596e-07	1.275e-09	0.14
GCA_006376585.1_ASM637658v1_genomic	5.689e-06	1.975e-21	8.969e-10	0.10
NODE36	1.229e-06	1.289e-06	8.508e-09	0.95
GCA_002127355.1_ASM212735v1_genomic	4.622e-06	2.579e-06	4.846e-09	0.54
GCA_002127365.1_ASM212736v1_genomic	4.631e-06	8.174e-06	1.458e-08	1.63
NODE39	1.147e-07	2.149e-07	9.815e-09	1.09
GCA_001972405.1_ASM197240v1_genomic	5.727e-06	1.486e-05	2.081e-08	2.32
NODE41	8.993e-07	1.934e-06	1.471e-08	1.64
GCA_001972385.1_ASM197238v1_genomic	4.765e-06	1.356e-05	2.255e-08	2.51
GCA_001972465.1_ASM197246v1_genomic	4.675e-06	7.312e-06	1.298e-08	1.45
NODE26	3.108e-07	4.298e-07	9.758e-09	1.09
GCA_008630455.1_ASM863045v1_genomic	5.674e-06	6.447e-07	1.001e-09	0.11
NODE27	6.451e-07	8.601e-07	1.026e-08	1.14
GCA_001601675.1_ASM160167v1_genomic	4.921e-06	1.401e-05	2.262e-08	2.52
GCA_008630415.1_ASM863041v1_genomic	4.823e-06	1.075e-06	1.964e-09	0.22
NODE32	7.775e-07	1.504e-06	1.361e-08	1.52
GCA_001972395.1_ASM197239v1_genomic	4.654e-06	1.055e-05	1.828e-08	2.04
GCA_002165475.1_ASM216547v1_genomic	4.888e-06	1.033e-05	1.722e-08	1.92
NODE44	1.117e-05	1.553e-05	1.161e-08	1.29
NODE45	4.403e-06	6.667e-06	1.231e-08	1.37
NODE46	2.825e-07	4.298e-07	1.054e-08	1.18
GCA_001295055.1_ASM129505v1_genomic	3.389e-06	2.149e-07	8.969e-10	0.10
NODE48	2.512e-07	4.298e-07	1.092e-08	1.22
GCA_001294985.1_ASM129498v1_genomic	3.039e-06	1.912e-21	8.969e-10	0.10
GCA_001972415.1_ASM197241v1_genomic	2.958e-06	1.292e-05	3.357e-08	3.74
GCA_003074435.1_ASM307443v1_genomic	3.093e-06	2.149e-07	8.969e-10	0.10
NODE49	3.048e-06	4.298e-07	1.526e-09	0.17
GCA_003074395.1_ASM307439v1_genomic	-1.000e-12	1.926e-21	8.969e-09	1.00
GCA_003074415.1_ASM307441v1_genomic	-1.000e-12	1.917e-21	8.969e-09	1.00
NODE57	2.798e-06	6.447e-07	2.536e-09	0.28
GCA_001295065.1_ASM129506v1_genomic	6.936e-07	4.298e-07	5.813e-09	0.65
NODE60	2.944e-07	4.299e-07	1.039e-08	1.16
GCA_003085875.1_ASM308587v1_genomic	4.530e-07	1.889e-21	1.371e-09	0.15
NODE62	4.472e-07	1.075e-06	1.386e-08	1.55
GCA_001188325.1_YPY_1_genomic	0.000e+00	1.880e-21	8.969e-09	1.00
GCA_001188715.1_ASM118871v1_genomic	0.000e+00	1.877e-21	8.969e-09	1.00
NODE65	2.492e-07	4.298e-07	1.048e-08	1.17
GCA_001295185.1_ASM129518v1_genomic	4.265e-07	4.298e-07	8.824e-09	0.98
GCA_000834315.1_ASM83431v1_genomic	2.740e-07	1.899e-21	3.185e-09	0.36
GCA_001294905.1_ASM129490v1_genomic	4.623e-07	1.897e-21	1.508e-09	0.17
NODE71	6.711e-08	2.149e-07	9.871e-09	1.10
GCA_001295105.1_ASM129510v1_genomic	3.683e-07	1.895e-21	2.118e-09	0.24
GCA_006376505.1_ASM637650v1_genomic	3.683e-07	1.720e-06	1.715e-08	1.91
NODE74	7.076e-06	7.966e-06	9.971e-09	1.11
GCA_000834985.1_ASM83498v1_genomic	6.483e-07	1.914e-21	8.969e-10	0.10
NODE76	1.309e-07	2.149e-07	9.808e-09	1.09
GCA_003085935.1_ASM308593v1_genomic	5.892e-07	1.906e-21	9.481e-10	0.11
NODE78	1.101e-07	2.149e-07	9.941e-09	1.11
GCA_001295045.1_ASM129504v1_genomic	5.957e-07	1.908e-21	9.470e-10	0.11
GCA_001294915.1_ASM129491v1_genomic	6.405e-07	1.904e-21	8.969e-10	0.10
GCA_006376545.1_ASM637654v1_genomic	5.777e-07	1.290e-06	1.434e-08	1.60
NODE84	1.302e-07	4.298e-07	1.127e-08	1.26
GCA_001188795.1_ASM118879v1_genomic	4.206e-07	4.298e-07	8.834e-09	0.98
GCA_002993145.1_ASM299314v1_genomic	5.372e-07	1.901e-21	1.159e-09	0.13
NODE90	2.350e-07	8.596e-07	1.366e-08	1.52
GCA_000382505.1_Yersinia_pestis_G1670E_assembly_genomic	4.906e-07	1.289e-06	1.525e-08	1.70
GCA_001294815.1_ASM129481v1_genomic	3.381e-07	1.290e-06	1.554e-08	1.73
NODE93	6.948e-07	3.870e-06	2.354e-08	2.62
GCA_000382545.1_Yersinia_pestis_assembly_genomic	0.000e+00	1.896e-21	8.969e-09	1.00
GCA_001188335.1_DYA_1_genomic	0.000e+00	1.893e-21	8.969e-09	1.00
NODE96	3.046e-07	2.149e-07	7.773e-09	0.87
NODE97	2.673e-07	2.149e-07	7.765e-09	0.87
GCA_000382525.1_Yersinia_pestis_G3768_assembly_genomic	0.000e+00	1.891e-21	8.969e-09	1.00
GCA_001188755.1_ASM118875v1_genomic	8.191e-08	1.883e-21	7.831e-09	0.87
NODE100	1.039e-07	2.149e-07	9.963e-09	1.11
GCA_001188775.1_ASM118877v1_genomic	1.211e-08	1.901e-21	8.719e-09	0.97
GCA_000324925.1_ASM32492v1_genomic	0.000e+00	1.898e-21	8.969e-09	1.00
NODE104	2.681e-07	1.075e-06	1.463e-08	1.63
GCA_001188695.1_ASM118869v1_genomic	0.000e+00	1.889e-21	8.969e-09	1.00
GCA_001188935.1_ASM118893v1_genomic	0.000e+00	1.892e-21	8.969e-09	1.00
NODE107	7.349e-06	9.680e-06	1.109e-08	1.24
SAMEA104488961	0.000e+00	3.258e-21	8.969e-09	1.00
NODE110	1.003e-06	4.298e-07	4.108e-09	0.46
NODE111	3.260e-05	1.766e-05	4.886e-09	0.54
GCA_000320425.1_ASM32042v1_genomic	1.898e-07	2.149e-07	9.302e-09	1.04
GCA_000323625.1_ASM32362v1_genomic	1.898e-07	3.126e-21	5.038e-09	0.56
NODE114	1.691e-05	1.615e-05	8.791e-09	0.98
NODE115	9.537e-06	8.177e-06	7.575e-09	0.84
NODE116	6.062e-06	4.515e-06	6.588e-09	0.73
GCA_000324665.1_ASM32466v1_genomic	2.426e-07	1.960e-21	3.641e-09	0.41
NODE118	1.055e-07	2.149e-07	9.968e-09	1.11
GCA_000324045.1_ASM32404v1_genomic	1.461e-07	3.000e-21	5.711e-09	0.64
GCA_000325185.1_ASM32518v1_genomic	1.461e-07	2.149e-07	9.614e-09	1.07
NODE121	4.461e-07	6.447e-07	1.090e-08	1.22
NODE122	4.166e-06	3.010e-06	6.396e-09	0.71
GCA_000324525.1_ASM32452v1_genomic	1.424e-06	4.298e-07	3.045e-09	0.34
NODE124	8.358e-07	1.290e-06	1.218e-08	1.36
GCA_000007885.1_ASM788v1_genomic	5.881e-07	1.505e-06	1.562e-08	1.74
GCA_000324465.1_ASM32446v1_genomic	5.881e-07	2.149e-07	4.366e-09	0.49
NODE127	1.012e-06	1.934e-06	1.410e-08	1.57
NODE128	7.368e-07	8.596e-07	9.885e-09	1.10
GCA_001294805.1_ASM129480v1_genomic	3.966e-06	1.971e-21	8.969e-10	0.10
GCA_002188815.1_ASM218881v1_genomic	3.966e-06	9.036e-06	1.887e-08	2.10
NODE131	2.763e-07	4.298e-07	1.082e-08	1.21
GCA_002188845.1_ASM218884v1_genomic	4.409e-06	1.442e-05	2.608e-08	2.91
GCA_003074175.1_ASM307417v1_genomic	4.418e-06	1.967e-21	8.969e-10	0.10
NODE134	9.309e-07	1.075e-06	9.881e-09	1.10
NODE135	1.553e-06	2.149e-06	1.171e-08	1.31
NODE136	1.294e-05	1.787e-05	1.206e-08	1.34
GCA_001294885.1_ASM129488v1_genomic	2.321e-07	1.904e-21	3.693e-09	0.41
GCA_002412235.1_Y.pestis_A-1249_genomic	1.514e-07	4.299e-07	1.133e-08	1.26
NODE139	7.326e-06	9.681e-06	1.185e-08	1.32
GCA_001601735.1_ASM160173v1_genomic	5.852e-06	1.055e-05	1.485e-08	1.66
GCA_001294975.1_ASM129497v1_genomic	5.852e-06	8.596e-07	1.284e-09	0.14
GCA_001295145.1_ASM129514v1_genomic	5.852e-06	2.149e-07	8.969e-10	0.10
GCA_001972505.1_ASM197250v1_genomic	5.852e-06	1.874e-05	2.527e-08	2.82
NODE146	8.340e-06	6.451e-06	6.799e-09	0.76
NODE147	1.017e-06	1.075e-06	8.930e-09	1.00
NODE148	1.520e-07	2.149e-07	9.865e-09	1.10
GCA_001294965.1_ASM129496v1_genomic	5.420e-06	2.149e-07	8.969e-10	0.10
NODE150	4.747e-07	8.596e-07	1.308e-08	1.46
GCA_002188725.1_ASM218872v1_genomic	4.990e-06	1.119e-05	1.874e-08	2.09
GCA_002188765.1_ASM218876v1_genomic	4.990e-06	1.356e-05	2.231e-08	2.49
NODE153	1.870e-06	4.298e-07	2.487e-09	0.28
GCA_002188685.1_ASM218868v1_genomic	3.746e-06	8.389e-06	1.818e-08	2.03
GCA_003085955.1_ASM308595v1_genomic	3.809e-06	1.290e-06	3.045e-09	0.34
GCA_003086035.1_ASM308603v1_genomic	3.791e-06	8.596e-07	2.059e-09	0.23
NODE158	1.526e-06	2.365e-06	1.247e-08	1.39
GCA_000182545.1_ASM18254v1_genomic	4.596e-06	2.149e-07	8.969e-10	0.10
GCA_003085895.1_ASM308589v1_genomic	4.883e-06	2.149e-07	8.969e-10	0.10
GCA_000834925.1_ASM83492v1_genomic	4.596e-06	2.149e-07	8.969e-10	0.10
GCA_001295115.1_ASM129511v1_genomic	4.694e-06	2.149e-07	8.969e-10	0.10
NODE159	5.400e-07	8.596e-07	1.245e-08	1.39
GCA_001972475.1_ASM197247v1_genomic	4.513e-06	9.251e-06	1.728e-08	1.93
GCA_002188755.1_ASM218875v1_genomic	4.298e-06	6.882e-06	1.373e-08	1.53
NODE171	4.587e-07	8.596e-07	1.319e-08	1.47
GCA_002173795.1_ASM217379v1_genomic	4.648e-06	9.035e-06	1.647e-08	1.84
GCA_002173805.1_ASM217380v1_genomic	4.594e-06	1.357e-05	2.399e-08	2.67
NODE174	3.004e-07	4.298e-07	1.081e-08	1.21
GCA_002188775.1_ASM218877v1_genomic	4.807e-06	7.528e-06	1.357e-08	1.51
NODE176	8.343e-07	1.504e-06	1.417e-08	1.58
GCA_001972515.1_ASM197251v1_genomic	3.918e-06	6.884e-06	1.478e-08	1.65
GCA_002173815.1_ASM217381v1_genomic	3.918e-06	8.821e-06	1.849e-08	2.06
NODE179	3.806e-06	1.934e-06	5.108e-09	0.57
NODE180	2.623e-05	2.264e-05	7.705e-09	0.86
NODE181	2.029e-06	3.225e-06	1.304e-08	1.45
GCA_006546725.1_ASM654672v1_genomic	1.560e-06	3.022e-21	8.969e-10	0.10
NODE183	5.540e-07	1.075e-06	1.348e-08	1.50
GCA_006517425.1_ASM651742v1_genomic	9.697e-07	2.149e-07	2.364e-09	0.26
NODE185	2.770e-07	6.447e-07	1.233e-08	1.37
GCA_002981995.1_ASM298199v1_genomic	6.120e-07	3.019e-21	8.969e-10	0.10
NODE187	1.487e-07	4.298e-07	1.134e-08	1.26
GCA_000950945.1_ASM95094v1_genomic	5.798e-07	2.795e-06	2.070e-08	2.31
GCA_002981915.1_ASM298191v1_genomic	5.798e-07	3.015e-21	9.520e-10	0.11
NODE190	2.150e-06	1.289e-06	5.571e-09	0.62
NODE191	1.147e-06	6.447e-07	5.052e-09	0.56
GCA_003122795.1_Y.pestis_I-2422_genomic	1.841e-07	4.298e-07	1.121e-08	1.25
GCA_006546665.1_ASM654666v1_genomic	3.007e-07	2.149e-07	7.257e-09	0.81
NODE194	7.172e-07	1.075e-06	1.118e-08	1.25
GCA_006546745.1_ASM654674v1_genomic	7.579e-07	8.602e-07	9.270e-09	1.03
NODE196	5.964e-07	1.290e-06	1.386e-08	1.55
GCA_002981955.1_ASM298195v1_genomic	-1.000e-12	3.020e-21	8.969e-09	1.00
GCA_002981895.1_ASM298189v1_genomic	-1.000e-12	3.023e-21	8.969e-09	1.00
GCA_001295025.1_ASM129502v1_genomic	-1.000e-12	3.017e-21	8.969e-09	1.00
GCA_002981925.1_ASM298192v1_genomic	-1.000e-12	3.020e-21	8.969e-09	1.00
NODE203	1.068e-05	8.607e-06	7.147e-09	0.80
NODE204	8.141e-06	2.364e-06	2.707e-09	0.30
NODE205	8.968e-06	8.819e-06	8.624e-09	0.96
GCA_000323665.1_ASM32366v1_genomic	2.102e-06	2.149e-07	1.038e-09	0.12
NODE207	1.860e-06	3.870e-06	1.622e-08	1.81
GCA_000324345.1_ASM32434v1_genomic	1.345e-07	3.001e-21	6.443e-09	0.72
GCA_000324205.1_ASM32420v1_genomic	1.166e-07	2.997e-21	6.929e-09	0.77
GCA_000323425.1_ASM32342v1_genomic	3.050e-07	3.050e-21	2.976e-09	0.33
GCA_000323185.1_ASM32318v1_genomic	1.614e-07	3.004e-21	5.733e-09	0.64
GCA_000324185.1_ASM32418v1_genomic	-1.000e-12	3.005e-21	8.969e-09	1.00
NODE216	8.736e-06	4.085e-06	4.175e-09	0.47
GCA_000324225.1_ASM32422v1_genomic	2.173e-06	3.114e-21	8.969e-10	0.10
NODE218	1.976e-06	3.439e-06	1.393e-08	1.55
GCA_009670935.1_ASM967093v1_genomic	1.159e-07	2.149e-07	9.775e-09	1.09
GCA_009670475.1_ASM967047v1_genomic	2.594e-07	2.149e-07	7.892e-09	0.88
NODE223	2.684e-07	2.149e-07	7.758e-09	0.86
GCA_009670245.1_ASM967024v1_genomic	2.691e-08	3.052e-21	8.831e-09	0.98
GCA_009670445.1_ASM967044v1_genomic	-1.000e-12	3.081e-21	8.969e-09	1.00
NODE227	1.248e-07	2.149e-07	9.699e-09	1.08
GCA_009669715.1_ASM966971v1_genomic	1.614e-07	2.149e-07	9.623e-09	1.07
GCA_009670155.1_ASM967015v1_genomic	2.063e-07	3.090e-21	4.667e-09	0.52
GCA_009670875.1_ASM967087v1_genomic	8.968e-09	3.060e-21	8.954e-09	1.00
GCA_009670135.1_ASM967013v1_genomic	2.063e-07	3.086e-21	4.667e-09	0.52
GCA_009669975.1_ASM966997v1_genomic	2.422e-07	3.087e-21	3.951e-09	0.44
GCA_009670385.1_ASM967038v1_genomic	1.614e-07	2.149e-07	9.623e-09	1.07
GCA_009667895.1_ASM966789v1_genomic	2.063e-07	3.085e-21	4.667e-09	0.52
GCA_009670895.1_ASM967089v1_genomic	8.968e-09	3.087e-21	8.954e-09	1.00
GCA_009670015.1_ASM967001v1_genomic	2.332e-07	3.087e-21	4.119e-09	0.46
GCA_009670905.1_ASM967090v1_genomic	-1.000e-12	3.087e-21	8.969e-09	1.00
GCA_009670515.1_ASM967051v1_genomic	1.345e-07	3.087e-21	6.443e-09	0.72
GCA_009670565.1_ASM967056v1_genomic	1.345e-07	3.087e-21	6.443e-09	0.72
GCA_009669775.1_ASM966977v1_genomic	1.345e-07	3.087e-21	6.443e-09	0.72
GCA_009670075.1_ASM967007v1_genomic	2.242e-07	3.087e-21	4.294e-09	0.48
NODE255	1.166e-07	4.298e-07	1.112e-08	1.24
GCA_009670055.1_ASM967005v1_genomic	1.076e-07	3.087e-21	7.170e-09	0.80
GCA_009670115.1_ASM967011v1_genomic	9.866e-08	3.062e-21	7.408e-09	0.83
GCA_009670665.1_ASM967066v1_genomic	-1.000e-12	3.081e-21	8.969e-09	1.00
NODE262	1.256e-07	2.149e-07	9.900e-09	1.10
GCA_009669935.1_ASM966993v1_genomic	-1.000e-12	3.080e-21	8.969e-09	1.00
GCA_009669625.1_ASM966962v1_genomic	8.969e-08	3.080e-21	7.639e-09	0.85
GCA_009670045.1_ASM967004v1_genomic	-1.000e-12	3.082e-21	8.969e-09	1.00
NODE267	1.216e-07	4.298e-07	1.115e-08	1.24
GCA_009669675.1_ASM966967v1_genomic	8.465e-08	3.077e-21	7.724e-09	0.86
GCA_009669635.1_ASM966963v1_genomic	7.568e-08	2.149e-07	9.940e-09	1.11
GCA_009669825.1_ASM966982v1_genomic	5.774e-08	3.077e-21	8.333e-09	0.93
NODE272	6.101e-08	2.149e-07	9.920e-09	1.11
GCA_009670865.1_ASM967086v1_genomic	9.074e-08	3.087e-21	7.174e-09	0.80
GCA_009667885.1_ASM966788v1_genomic	2.253e-07	3.087e-21	3.954e-09	0.44
GCA_009670325.1_ASM967032v1_genomic	2.253e-07	3.085e-21	3.954e-09	0.44
GCA_009670355.1_ASM967035v1_genomic	2.253e-07	3.083e-21	3.954e-09	0.44
NODE277	2.803e-08	2.149e-07	9.640e-09	1.07
GCA_009669705.1_ASM966970v1_genomic	1.972e-07	3.081e-21	4.765e-09	0.53
GCA_009670995.1_ASM967099v1_genomic	2.683e-08	2.149e-07	9.524e-09	1.06
NODE293	9.971e-08	2.149e-07	9.940e-09	1.11
GCA_009670725.1_ASM967072v1_genomic	1.794e-08	3.082e-21	8.907e-09	0.99
GCA_009670815.1_ASM967081v1_genomic	-1.000e-12	3.080e-21	8.969e-09	1.00
NODE283	1.446e-07	2.149e-07	9.624e-09	1.07
GCA_009670775.1_ASM967077v1_genomic	-1.000e-12	3.083e-21	8.969e-09	1.00
GCA_009670715.1_ASM967071v1_genomic	-1.000e-12	3.080e-21	8.969e-09	1.00
GCA_009670575.1_ASM967057v1_genomic	5.382e-08	3.080e-21	8.440e-09	0.94
GCA_009670625.1_ASM967062v1_genomic	5.382e-08	3.079e-21	8.440e-09	0.94
NODE297	9.971e-08	2.149e-07	9.940e-09	1.11
GCA_009670005.1_ASM967000v1_genomic	2.063e-07	2.149e-07	9.087e-09	1.01
GCA_009670465.1_ASM967046v1_genomic	1.076e-07	3.063e-21	7.170e-09	0.80
GCA_009669765.1_ASM966976v1_genomic	9.866e-08	3.091e-21	7.408e-09	0.83
GCA_009670705.1_ASM967070v1_genomic	-1.000e-12	3.091e-21	8.969e-09	1.00
NODE304	8.900e-08	2.149e-07	9.972e-09	1.11
GCA_009667985.1_ASM966798v1_genomic	1.363e-07	2.149e-07	9.824e-09	1.10
GCA_009669555.1_ASM966955v1_genomic	3.067e-07	3.084e-21	2.931e-09	0.33
GCA_009670485.1_ASM967048v1_genomic	1.183e-07	3.076e-21	6.835e-09	0.76
GCA_009669545.1_ASM966954v1_genomic	3.157e-07	3.080e-21	2.819e-09	0.31
GCA_009669605.1_ASM966960v1_genomic	3.067e-07	3.084e-21	2.931e-09	0.33
GCA_009670605.1_ASM967060v1_genomic	1.004e-07	3.084e-21	7.317e-09	0.82
GCA_009670675.1_ASM967067v1_genomic	8.246e-08	3.079e-21	7.776e-09	0.87
GCA_000323365.1_ASM32336v1_genomic	1.735e-09	2.149e-07	9.041e-09	1.01
GCA_009667935.1_ASM966793v1_genomic	1.363e-07	3.086e-21	6.350e-09	0.71
GCA_009670765.1_ASM967076v1_genomic	5.555e-08	3.087e-21	8.374e-09	0.93
GCA_009670395.1_ASM967039v1_genomic	1.183e-07	2.149e-07	9.926e-09	1.11
GCA_009670415.1_ASM967041v1_genomic	1.363e-07	2.149e-07	9.824e-09	1.10
GCA_009670835.1_ASM967083v1_genomic	4.658e-08	3.080e-21	8.538e-09	0.95
GCA_009669905.1_ASM966990v1_genomic	2.708e-07	3.080e-21	3.438e-09	0.38
GCA_009670205.1_ASM967020v1_genomic	1.542e-07	3.080e-21	5.875e-09	0.65
GCA_009670785.1_ASM967078v1_genomic	4.658e-08	3.080e-21	8.538e-09	0.95
GCA_009670345.1_ASM967034v1_genomic	1.452e-07	3.080e-21	6.110e-09	0.68
GCA_009669875.1_ASM966987v1_genomic	2.708e-07	3.080e-21	3.438e-09	0.38
GCA_009669565.1_ASM966956v1_genomic	3.067e-07	3.080e-21	2.931e-09	0.33
GCA_009669805.1_ASM966980v1_genomic	8.246e-08	3.080e-21	7.776e-09	0.87
GCA_009670585.1_ASM967058v1_genomic	1.004e-07	3.080e-21	7.317e-09	0.82
GCA_009669955.1_ASM966995v1_genomic	2.618e-07	3.080e-21	3.581e-09	0.40
GCA_009669925.1_ASM966992v1_genomic	2.529e-07	3.080e-21	3.731e-09	0.42
GCA_009669835.1_ASM966983v1_genomic	2.708e-07	3.080e-21	3.438e-09	0.38
GCA_009669845.1_ASM966984v1_genomic	2.708e-07	3.080e-21	3.438e-09	0.38
GCA_009670545.1_ASM967054v1_genomic	1.094e-07	3.080e-21	7.077e-09	0.79
GCA_009670105.1_ASM967010v1_genomic	1.632e-07	3.080e-21	5.645e-09	0.63
GCA_009667945.1_ASM966794v1_genomic	1.363e-07	3.080e-21	6.350e-09	0.71
GCA_009669665.1_ASM966966v1_genomic	2.798e-07	3.080e-21	3.302e-09	0.37
NODE329	1.106e-07	4.298e-07	1.104e-08	1.23
GCA_009670285.1_ASM967028v1_genomic	3.466e-08	3.074e-21	8.671e-09	0.97
GCA_009669725.1_ASM966972v1_genomic	3.466e-08	3.074e-21	8.671e-09	0.97
GCA_009670305.1_ASM967030v1_genomic	3.466e-08	3.074e-21	8.671e-09	0.97
GCA_009670235.1_ASM967023v1_genomic	3.466e-08	2.149e-07	9.636e-09	1.07
GCA_009670185.1_ASM967018v1_genomic	4.363e-08	3.076e-21	8.529e-09	0.95
GCA_009667925.1_ASM966792v1_genomic	3.466e-08	3.073e-21	8.671e-09	0.97
GCA_009670225.1_ASM967022v1_genomic	3.466e-08	3.074e-21	8.671e-09	0.97
NODE375	1.186e-06	1.934e-06	1.255e-08	1.40
NODE376	7.153e-07	1.075e-06	1.183e-08	1.32
SAMEA1061800	1.765e-06	8.599e-07	4.657e-09	0.52
NODE378	3.620e-06	8.389e-06	1.927e-08	2.15
SAMEA5661365	2.891e-07	3.128e-21	2.766e-09	0.31
NODE379	4.484e-07	6.447e-07	1.041e-08	1.16
SAMEA5661363	0.000e+00	3.021e-21	8.969e-09	1.00
SAMEA5661364	0.000e+00	3.145e-21	8.969e-09	1.00
NODE384	2.457e-07	6.447e-07	1.255e-08	1.40
SAMEA5661384	0.000e+00	3.028e-21	8.969e-09	1.00
NODE386	9.409e-08	2.149e-07	9.976e-09	1.11
SAMEA5661385	2.057e-07	2.149e-07	9.014e-09	1.00
NODE396	1.766e-06	3.655e-06	1.674e-08	1.87
SAMEA5661367	2.048e-07	2.149e-07	9.014e-09	1.00
NODE398	5.433e-07	1.075e-06	1.333e-08	1.49
SAMEA5661372	0.000e+00	3.057e-21	8.969e-09	1.00
SAMEA5661375	1.048e-06	2.365e-06	1.610e-08	1.79
NODE387	7.316e-08	2.149e-07	9.966e-09	1.11
SAMEA4354665	0.000e+00	3.007e-21	8.969e-09	1.00
SAMEA5661389	0.000e+00	3.022e-21	8.969e-09	1.00
SAMEA5661360	0.000e+00	3.071e-21	8.969e-09	1.00
SAMEA5661390	2.081e-07	6.449e-07	1.257e-08	1.40
NODE401	6.680e-06	5.160e-06	6.946e-09	0.77
NODE403	1.141e-05	3.224e-06	2.571e-09	0.29
GCA_000169675.1_ASM16967v1_genomic	1.733e-08	3.048e-21	8.742e-09	0.97
GCA_000320465.1_ASM32046v1_genomic	1.733e-08	3.058e-21	8.742e-09	0.97
NODE406	4.784e-06	6.021e-06	1.121e-08	1.25
NODE407	3.693e-06	6.447e-07	1.736e-09	0.19
GCA_002412245.1_Y.pestis_A-1691_genomic	2.662e-06	3.440e-06	1.067e-08	1.19
GCA_003074595.1_ASM307459v1_genomic	2.626e-06	3.046e-21	8.969e-10	0.10
NODE410	5.139e-07	8.596e-07	1.245e-08	1.39
GCA_002412255.1_Y.pestis_A-1836_genomic	5.948e-06	2.222e-05	3.028e-08	3.38
GCA_003074535.1_ASM307453v1_genomic	5.670e-06	3.036e-21	8.969e-10	0.10
NODE413	5.717e-07	1.075e-06	1.150e-08	1.28
NODE414	9.546e-06	3.224e-06	3.137e-09	0.35
NODE415	4.099e-07	6.447e-07	1.147e-08	1.28
NODE416	3.195e-07	2.149e-07	6.323e-09	0.70
GCA_000323385.1_ASM32338v1_genomic	5.065e-07	4.298e-07	8.824e-09	0.98
GCA_000323705.1_ASM32370v1_genomic	1.567e-07	2.149e-07	9.976e-09	1.11
NODE419	1.894e-07	4.298e-07	1.132e-08	1.26
GCA_001188675.1_ASM118867v1_genomic	3.317e-07	2.149e-07	6.946e-09	0.77
GCA_002412225.1_Y.pestis_A-1486_genomic	3.765e-07	1.290e-06	1.558e-08	1.74
NODE422	8.054e-07	2.149e-07	3.159e-09	0.35
GCA_000734805.1_ASM73480v1_genomic	-1.000e-12	3.044e-21	8.969e-09	1.00
GCA_000324165.1_ASM32416v1_genomic	2.870e-07	2.149e-07	7.907e-09	0.88
NODE426	3.337e-07	8.596e-07	1.361e-08	1.52
GCA_000323405.1_ASM32340v1_genomic	1.327e-07	2.149e-07	9.777e-09	1.09
GCA_000324065.1_ASM32406v1_genomic	1.507e-07	3.079e-21	5.713e-09	0.64
NODE429	4.443e-07	8.596e-07	1.199e-08	1.34
NODE430	1.350e-06	2.149e-07	2.378e-09	0.27
NODE431	2.718e-06	1.935e-06	6.536e-09	0.73
NODE432	4.014e-06	2.149e-07	8.969e-10	0.10
GCA_000323505.1_ASM32350v1_genomic	2.336e-06	3.025e-21	8.969e-10	0.10
NODE434	1.862e-06	2.364e-06	1.013e-08	1.13
GCA_000324325.1_ASM32432v1_genomic	8.804e-08	2.149e-07	9.976e-09	1.11
NODE436	1.305e-07	2.149e-07	9.847e-09	1.10
GCA_000323525.1_ASM32352v1_genomic	2.086e-07	3.029e-21	4.452e-09	0.50
GCA_000323765.1_ASM32376v1_genomic	9.204e-08	2.149e-07	9.976e-09	1.11
NODE439	2.270e-06	4.301e-06	1.554e-08	1.73
GCA_002188855.1_ASM218885v1_genomic	3.784e-06	1.076e-05	2.314e-08	2.58
NODE441	2.573e-06	6.447e-07	2.532e-09	0.28
NODE442	1.453e-06	2.364e-06	1.275e-08	1.42
GCA_000325205.1_ASM32520v1_genomic	1.794e-08	1.961e-21	8.907e-09	0.99
GCA_000325305.1_ASM32530v1_genomic	-1.000e-12	1.968e-21	8.969e-09	1.00
NODE445	1.120e-06	2.149e-07	2.175e-09	0.24
GCA_000325245.1_ASM32524v1_genomic	1.716e-07	2.149e-07	8.360e-09	0.93
NODE447	2.059e-07	4.298e-07	1.076e-08	1.20
GCA_000325265.1_ASM32526v1_genomic	1.182e-07	2.999e-21	6.431e-09	0.72
GCA_000325285.1_ASM32528v1_genomic	1.182e-07	2.149e-07	9.844e-09	1.10
NODE450	5.633e-06	2.579e-06	4.169e-09	0.46
NODE451	3.255e-06	2.364e-06	6.632e-09	0.74
GCA_003074315.1_ASM307431v1_genomic	2.691e-08	3.010e-21	8.831e-09	0.98
GCA_009295945.1_ASM929594v1_genomic	-1.000e-12	3.012e-21	8.969e-09	1.00
NODE454	1.699e-06	1.934e-06	1.004e-08	1.12
GCA_000325225.1_ASM32522v1_genomic	1.718e-06	4.298e-07	2.544e-09	0.28
NODE456	7.366e-07	1.289e-06	1.332e-08	1.49
NODE457	7.570e-07	1.504e-06	1.421e-08	1.58
GCA_003086015.1_ASM308601v1_genomic	3.139e-07	4.299e-07	1.035e-08	1.15
GCA_009363195.1_ASM936319v1_genomic	-1.000e-12	1.989e-21	8.969e-09	1.00
NODE460	5.362e-07	8.596e-07	1.232e-08	1.37
GCA_003074235.1_ASM307423v1_genomic	3.195e-07	8.596e-07	1.338e-08	1.49
NODE462	2.844e-07	4.298e-07	1.028e-08	1.15
GCA_003085915.1_ASM308591v1_genomic	2.683e-07	1.984e-21	3.242e-09	0.36
GCA_003074155.1_ASM307415v1_genomic	2.773e-07	1.987e-21	3.115e-09	0.35
GCA_003074255.1_ASM307425v1_genomic	2.504e-07	1.978e-21	3.515e-09	0.39
GCA_003074195.1_ASM307419v1_genomic	2.773e-07	1.981e-21	3.115e-09	0.35
GCA_003074215.1_ASM307421v1_genomic	2.773e-07	1.983e-21	3.115e-09	0.35
NODE472	1.384e-06	4.730e-06	2.220e-08	2.47
NODE473	2.007e-06	3.009e-06	1.264e-08	1.41
NODE474	4.623e-06	1.505e-06	3.407e-09	0.38
GCA_000320445.1_ASM32044v1_genomic	2.404e-06	2.149e-07	8.969e-10	0.10
NODE475	2.333e-06	1.289e-06	4.937e-09	0.55
GCA_000323345.1_ASM32334v1_genomic	-1.000e-12	1.974e-21	8.957e-09	1.00
GCA_000324125.1_ASM32412v1_genomic	-1.000e-12	1.961e-21	8.957e-09	1.00
NODE481	2.108e-06	1.719e-06	7.064e-09	0.79
GCA_000324885.1_ASM32488v1_genomic	2.246e-07	1.955e-21	4.273e-09	0.48
NODE483	2.246e-07	4.298e-07	1.115e-08	1.24
GCA_000324145.1_ASM32414v1_genomic	1.794e-08	1.961e-21	8.907e-09	0.99
GCA_000324905.1_ASM32490v1_genomic	-1.000e-12	1.948e-21	8.969e-09	1.00
NODE486	2.686e-07	4.298e-07	1.041e-08	1.16
GCA_000323325.1_ASM32332v1_genomic	2.010e-06	1.977e-21	8.969e-10	0.10
GCA_000323305.1_ASM32330v1_genomic	1.813e-06	2.149e-07	1.213e-09	0.14
NODE490	2.785e-07	6.447e-07	1.228e-08	1.37
GCA_000475135.2_YPS03_v2_genomic	1.839e-06	4.734e-06	1.935e-08	2.16
NODE492	1.142e-06	3.224e-06	1.909e-08	2.13
GCA_000182485.1_ASM18248v1_genomic	3.830e-07	1.939e-21	2.040e-09	0.23
GCA_002005285.1_ASM200528v1_genomic	2.305e-07	6.447e-07	1.256e-08	1.40
NODE495	8.535e-07	1.505e-06	1.415e-08	1.58
NODE496	4.022e-06	1.075e-06	2.965e-09	0.33
NODE497	1.775e-06	2.364e-06	1.022e-08	1.14
GCA_000324505.1_ASM32450v1_genomic	8.040e-08	1.948e-21	7.268e-09	0.81
GCA_000324545.1_ASM32454v1_genomic	7.143e-08	2.149e-07	9.977e-09	1.11
NODE500	1.730e-06	1.289e-06	5.960e-09	0.66
GCA_000324565.1_ASM32456v1_genomic	-1.000e-12	1.958e-21	8.969e-09	1.00
GCA_000324585.1_ASM32458v1_genomic	2.870e-07	3.021e-21	3.222e-09	0.36
NODE503	3.440e-07	6.447e-07	1.185e-08	1.32
GCA_000324305.1_ASM32430v1_genomic	5.426e-06	4.298e-07	8.969e-10	0.10
NODE505	2.431e-07	4.298e-07	1.084e-08	1.21
NODE506	4.829e-06	1.504e-06	3.137e-09	0.35
GCA_000323925.1_ASM32392v1_genomic	6.858e-07	1.940e-21	8.969e-10	0.10
GCA_000323905.1_ASM32390v1_genomic	6.230e-07	1.961e-21	9.183e-10	0.10
GCA_000324245.1_ASM32424v1_genomic	3.091e-07	4.298e-07	1.025e-08	1.14
GCA_000324265.1_ASM32426v1_genomic	3.360e-07	8.596e-07	1.350e-08	1.51
NODE513	1.284e-07	2.149e-07	9.975e-09	1.11
GCA_002188835.1_ASM218883v1_genomic	5.270e-06	1.033e-05	1.793e-08	2.00
GCA_000324965.1_ASM32496v1_genomic	5.054e-06	2.149e-07	8.969e-10	0.10
NODE518	5.027e-06	1.720e-06	3.390e-09	0.38
GCA_000323465.1_ASM32346v1_genomic	-1.000e-12	1.966e-21	8.969e-09	1.00
GCA_000323585.1_ASM32358v1_genomic	8.072e-08	1.976e-21	7.860e-09	0.88
NODE521	9.984e-08	2.149e-07	9.962e-09	1.11
GCA_001601285.1_ASM160128v1_genomic	5.053e-06	1.951e-21	8.969e-10	0.10
NODE523	4.633e-06	2.954e-05	4.789e-08	5.34
GCA_000834275.1_ASM83427v1_genomic	1.514e-07	4.298e-07	1.124e-08	1.25
GCA_000834885.1_ASM83488v1_genomic	7.613e-07	4.298e-07	5.939e-09	0.66
NODE526	1.324e-06	4.732e-06	2.202e-08	2.45
NODE527	6.634e-06	8.605e-06	1.251e-08	1.39
GCA_003074275.1_ASM307427v1_genomic	9.142e-07	2.149e-06	1.645e-08	1.83
GCA_008630435.1_ASM863043v1_genomic	1.004e-06	1.885e-21	8.969e-10	0.10
GCA_009295985.1_ASM929598v1_genomic	1.040e-06	1.889e-21	8.969e-10	0.10
NODE530	1.949e-07	4.298e-07	1.130e-08	1.26
GCA_006376575.1_ASM637657v1_genomic	5.847e-07	1.849e-21	1.045e-09	0.12
GCA_008630375.1_ASM863037v1_genomic	6.834e-07	2.364e-06	1.903e-08	2.12
NODE536	3.657e-07	1.075e-06	1.423e-08	1.59
NODE537	4.192e-06	6.447e-07	1.786e-09	0.20
NODE538	2.697e-06	1.934e-06	6.396e-09	0.71
GCA_000324025.1_ASM32402v1_genomic	9.597e-08	2.149e-07	9.902e-09	1.10
GCA_000325105.1_ASM32510v1_genomic	8.700e-08	1.939e-21	6.941e-09	0.77
NODE542	1.324e-07	4.298e-07	1.126e-08	1.26
GCA_000325005.1_ASM32500v1_genomic	8.442e-09	1.955e-21	8.766e-09	0.98
GCA_000325125.1_ASM32512v1_genomic	8.917e-08	4.298e-07	1.110e-08	1.24
NODE545	1.880e-06	1.505e-06	7.152e-09	0.80
GCA_000324945.1_ASM32494v1_genomic	8.596e-07	2.149e-07	2.786e-09	0.31
NODE547	1.467e-07	2.149e-07	9.791e-09	1.09
NODE548	6.501e-07	4.298e-07	6.260e-09	0.70
GCA_000324445.1_ASM32444v1_genomic	1.704e-07	1.949e-21	5.287e-09	0.59
GCA_000324485.1_ASM32448v1_genomic	5.379e-08	2.149e-07	9.859e-09	1.10
NODE552	7.622e-07	1.719e-06	1.518e-08	1.69
GCA_000324605.1_ASM32460v1_genomic	5.829e-08	2.149e-07	9.933e-09	1.11
GCA_000325025.1_ASM32502v1_genomic	5.829e-08	1.930e-21	7.980e-09	0.89
NODE555	3.622e-07	6.447e-07	1.158e-08	1.29
GCA_000325085.1_ASM32508v1_genomic	7.363e-07	4.298e-07	5.787e-09	0.65
NODE557	3.021e-07	8.596e-07	1.364e-08	1.52
NODE558	7.552e-08	2.149e-07	9.977e-09	1.11
GCA_000323945.1_ASM32394v1_genomic	3.767e-07	1.948e-21	2.202e-09	0.25
GCA_000324005.1_ASM32400v1_genomic	-1.000e-12	1.923e-21	8.969e-09	1.00
NODE561	9.347e-08	2.149e-07	9.968e-09	1.11
GCA_000325065.1_ASM32506v1_genomic	2.780e-07	1.937e-21	2.963e-09	0.33
NODE563	1.340e-07	4.298e-07	1.125e-08	1.25
GCA_000325045.1_ASM32504v1_genomic	1.171e-07	4.298e-07	1.128e-08	1.26
GCA_000325325.1_ASM32532v1_genomic	2.517e-07	1.940e-21	3.366e-09	0.38
GCA_000325345.1_ASM32534v1_genomic	2.517e-07	1.940e-21	3.366e-09	0.38
NODE568	2.282e-07	6.447e-07	1.257e-08	1.40
NODE569	6.371e-06	1.075e-06	1.751e-09	0.20
NODE570	3.855e-07	2.149e-07	6.380e-09	0.71
GCA_000323645.1_ASM32364v1_genomic	2.073e-07	4.298e-07	1.108e-08	1.24
GCA_000324985.1_ASM32498v1_genomic	2.073e-07	1.967e-21	4.057e-09	0.45
NODE573	3.564e-07	6.447e-07	1.167e-08	1.30
GCA_000169655.1_ASM16965v1_genomic	1.108e-07	1.955e-21	6.755e-09	0.75
NODE575	6.621e-08	2.149e-07	9.915e-09	1.11
GCA_000323565.1_ASM32356v1_genomic	4.458e-08	2.149e-07	9.761e-09	1.09
GCA_000323725.1_ASM32372v1_genomic	4.458e-08	1.994e-21	8.487e-09	0.95
NODE578	9.467e-07	3.870e-06	2.316e-08	2.58
NODE579	4.854e-07	1.504e-06	1.636e-08	1.82
GCA_003086095.1_ASM308609v1_genomic	5.585e-06	1.875e-21	8.969e-10	0.10
NODE582	4.921e-06	1.289e-06	2.773e-09	0.31
GCA_001617735.1_Yersinia_pestis_M-1763_genomic	7.452e-07	1.861e-21	8.969e-10	0.10
NODE584	4.043e-07	8.601e-07	1.316e-08	1.47
GCA_001613895.1_ASM161389v1_genomic	2.332e-07	8.596e-07	1.363e-08	1.52
GCA_003074295.1_ASM307429v1_genomic	2.689e-08	1.859e-21	8.598e-09	0.96
NODE587	2.251e-07	6.447e-07	1.252e-08	1.40
NODE588	6.522e-07	5.164e-06	2.499e-08	2.79
GCA_002412305.1_Y.pestis_A-1809_genomic	4.591e-06	6.889e-06	1.450e-08	1.62
NODE590	2.098e-06	9.696e-06	3.235e-08	3.61
GCA_003086075.1_ASM308607v1_genomic	2.520e-06	1.358e-05	3.725e-08	4.15
GCA_003086115.1_ASM308611v1_genomic	2.565e-06	4.085e-06	1.475e-08	1.64
NODE593	5.216e-06	4.298e-07	8.969e-10	0.10
GCA_000323245.1_ASM32324v1_genomic	2.603e-07	1.994e-21	3.366e-09	0.38
NODE601	2.166e-07	2.149e-07	8.950e-09	1.00
GCA_000323205.1_ASM32320v1_genomic	3.466e-08	1.880e-21	8.474e-09	0.94
GCA_000323225.1_ASM32322v1_genomic	3.466e-08	1.872e-21	8.474e-09	0.94
NODE594	1.993e-07	2.149e-07	8.950e-09	1.00
GCA_000275685.1_ASM27568v1_genomic	5.199e-08	1.877e-21	8.474e-09	0.94
GCA_004023585.1_ASM402358v1_genomic	5.199e-08	1.879e-21	8.474e-09	0.94
GCA_004023595.1_ASM402359v1_genomic	5.199e-08	1.884e-21	8.474e-09	0.94
NODE604	6.295e-07	1.289e-06	1.408e-08	1.57
NODE605	6.400e-07	1.505e-06	1.535e-08	1.71
NODE618	4.388e-06	2.149e-07	8.969e-10	0.10
IP557	1.435e-07	2.149e-07	9.783e-09	1.09
IP562	-1.000e-12	1.888e-21	8.969e-09	1.00
NODE606	1.041e-07	2.149e-07	9.977e-09	1.11
GCA_006376435.1_ASM637643v1_genomic	4.392e-06	4.298e-07	1.086e-09	0.12
NODE608	2.642e-07	6.447e-07	1.255e-08	1.40
GCA_006376415.1_ASM637641v1_genomic	4.047e-06	8.602e-07	2.343e-09	0.26
NODE609	4.963e-07	1.505e-06	1.646e-08	1.83
GCA_001559935.1_ASM155993v1_genomic	3.900e-06	6.023e-06	1.511e-08	1.68
GCA_001613865.1_ASM161386v1_genomic	3.739e-06	2.308e-05	4.608e-08	5.14
NODE614	3.926e-06	6.447e-07	1.855e-09	0.21
GCA_006376495.1_ASM637649v1_genomic	2.825e-07	4.298e-07	1.037e-08	1.16
GCA_006376535.1_ASM637653v1_genomic	3.004e-07	2.149e-07	7.283e-09	0.81
NODE621	4.013e-06	2.149e-07	8.969e-10	0.10
NODE622	2.614e-07	4.298e-07	1.072e-08	1.19
GCA_003074335.1_ASM307433v1_genomic	2.848e-07	8.601e-07	1.368e-08	1.52
GCA_003074355.1_ASM307435v1_genomic	2.938e-07	1.854e-21	3.111e-09	0.35
GCA_003074375.1_ASM307437v1_genomic	1.861e-07	2.149e-07	9.334e-09	1.04
NODE627	5.641e-07	2.149e-07	4.519e-09	0.50
GCA_001261975.1_YPW_8_IHQD_genomic	2.787e-09	1.851e-21	8.968e-09	1.00
GCA_000182705.1_ASM18270v1_genomic	2.079e-09	1.849e-21	8.969e-09	1.00
GCA_000006645.1_ASM664v1_genomic	-1.000e-12	1.846e-21	8.969e-09	1.00
GCA_000970105.1_ASM97010v1_genomic	3.498e-07	1.850e-21	2.457e-09	0.27
GCA_002529545.1_ASM252954v1_genomic	3.677e-07	1.849e-21	2.283e-09	0.25
NODE636	3.112e-06	2.149e-07	9.335e-10	0.10
GCA_009296005.1_ASM929600v1_genomic	1.971e-06	1.869e-21	8.969e-10	0.10
NODE639	1.666e-06	6.447e-07	3.566e-09	0.40
GCA_001188815.1_ASM118881v1_genomic	5.019e-07	2.149e-07	5.089e-09	0.57
GCA_001617785.1_Yersinia_pestis_M-549_genomic	5.199e-07	1.859e-21	1.253e-09	0.14
GCA_006376475.1_ASM637647v1_genomic	4.391e-07	8.596e-07	1.276e-08	1.42
NODE645	4.422e-07	1.075e-06	1.434e-08	1.60
GCA_001188735.1_ASM118873v1_genomic	6.871e-08	2.149e-07	9.975e-09	1.11
GCA_001617805.1_Yersinia_pestis_173_genomic	8.664e-08	1.850e-21	7.114e-09	0.79
NODE648	3.754e-07	6.447e-07	1.139e-08	1.27
GCA_001617725.1_Yersinia_pestis_M-1484_genomic	1.945e-06	6.027e-06	2.227e-08	2.48
NODE650	1.310e-06	2.149e-07	1.773e-09	0.20
GCA_001617715.1_Yersinia_pestis_M-519_genomic	4.111e-07	2.149e-07	5.779e-09	0.64
NODE651	6.174e-07	1.934e-06	1.741e-08	1.94
GCA_003085975.1_ASM308597v1_genomic	2.153e-07	1.852e-21	4.477e-09	0.50
GCA_003086155.1_ASM308615v1_genomic	-1.000e-12	1.852e-21	8.969e-09	1.00
NODE656	2.720e-07	2.149e-07	8.371e-09	0.93
GCA_001617815.1_Yersinia_pestis_M-1453_genomic	3.544e-07	4.299e-07	9.246e-09	1.03
GCA_003085855.1_ASM308585v1_genomic	4.530e-07	2.149e-07	5.183e-09	0.58
GCA_008630395.1_ASM863039v1_genomic	2.916e-07	6.447e-07	1.203e-08	1.34
NODE662	9.804e-08	4.298e-07	1.114e-08	1.24
GCA_008630575.1_ASM863057v1_genomic	1.935e-07	1.857e-21	4.273e-09	0.48
NODE665	4.922e-08	2.149e-07	9.783e-09	1.09
GCA_001613885.1_ASM161388v1_genomic	1.981e-07	1.075e-06	1.421e-08	1.58
GCA_001617705.1_Yersinia_pestis_C-791_genomic	3.147e-07	1.846e-21	2.537e-09	0.28
NODE668	1.271e-07	4.298e-07	1.122e-08	1.25
GCA_008630485.1_ASM863048v1_genomic	1.830e-07	4.298e-07	1.123e-08	1.25
GCA_003086055.1_ASM308605v1_genomic	3.355e-07	2.149e-07	6.813e-09	0.76
NODE672	8.283e-08	2.149e-07	9.934e-09	1.11
GCA_001595585.1_ASM159558v1_genomic	2.078e-07	1.848e-21	3.943e-09	0.44
GCA_003085995.1_ASM308599v1_genomic	2.527e-07	6.447e-07	1.242e-08	1.38
NODE675	6.828e-07	2.149e-07	5.763e-09	0.64
SAMEA5818806	3.421e-06	3.077e-21	8.969e-10	0.10
NODE677	1.860e-07	2.149e-07	9.789e-09	1.09
SAMEA5054092	2.966e-06	6.447e-07	2.079e-09	0.23
SAMEA5054093	3.046e-06	8.599e-07	2.670e-09	0.30
SAMN00715800	3.665e-06	2.149e-07	8.969e-10	0.10
SAMEA3937653	3.235e-06	2.149e-07	8.969e-10	0.10
SAMEA5818811	3.163e-06	3.147e-21	8.969e-10	0.10
NODE688	1.346e-06	6.447e-07	3.488e-09	0.39
SAMEA5818809	1.736e-06	3.070e-21	8.969e-10	0.10
NODE690	1.091e-06	1.719e-06	1.316e-08	1.47
SAMEA5818817	1.874e-06	3.060e-21	8.969e-10	0.10
NODE692	8.506e-07	2.364e-06	1.823e-08	2.03
SAMEA5818815	1.517e-06	3.007e-21	8.969e-10	0.10
NODE694	3.214e-07	6.447e-07	1.227e-08	1.37
SAMEA5818805	1.285e-06	3.009e-21	8.969e-10	0.10
NODE697	2.134e-06	1.098e-05	3.395e-08	3.79
SAMEA5818800	0.000e+00	1.904e-21	8.969e-09	1.00
NODE699	8.398e-08	2.149e-07	9.961e-09	1.11
SAMEA5818799	0.000e+00	1.900e-21	8.969e-09	1.00
SAMEA5818801	0.000e+00	1.903e-21	8.969e-09	1.00
SAMEA5818798	0.000e+00	1.943e-21	8.969e-09	1.00
NODE705	9.172e-07	3.440e-06	2.237e-08	2.49
SAMEA3713715	2.580e-07	2.149e-07	9.469e-09	1.06
NODE707	1.677e-07	4.299e-07	1.103e-08	1.23
SAMEA3713711	1.082e-07	2.149e-07	9.901e-09	1.10
SAMEA3713714	9.023e-08	1.879e-21	8.484e-09	0.95
SAMEA3713712	1.082e-07	2.149e-07	9.901e-09	1.10
SAMEA3713713	1.082e-07	2.149e-07	9.901e-09	1.10
NODE714	1.635e-06	1.504e-06	9.721e-09	1.08
SAMEA5818808	1.994e-07	2.149e-07	9.225e-09	1.03
NODE716	6.874e-07	6.447e-07	9.429e-09	1.05
SAMEA5818803	1.555e-07	1.976e-21	6.122e-09	0.68
NODE718	1.292e-07	2.149e-07	9.940e-09	1.11
SAMEA5818821	1.761e-07	2.149e-07	9.428e-09	1.05
SAMEA5818828	0.000e+00	1.982e-21	8.969e-09	1.00
SAMEA5818826	0.000e+00	1.977e-21	8.969e-09	1.00
SAMEA5818829	0.000e+00	3.005e-21	8.969e-09	1.00
NODE727	1.025e-07	2.149e-07	9.969e-09	1.11
SAMEA5818818	0.000e+00	3.054e-21	8.969e-09	1.00
SAMEA5818822	0.000e+00	3.026e-21	8.969e-09	1.00
NODE730	1.025e-07	2.149e-07	9.969e-09	1.11
SAMEA5818825	0.000e+00	3.025e-21	8.969e-09	1.00
SAMEA5818830	0.000e+00	1.978e-21	8.969e-09	1.00
NODE733	6.953e-08	4.298e-07	1.061e-08	1.18
SAMEA5054089	3.165e-06	1.504e-06	4.409e-09	0.49
SAMEA3937654	3.721e-06	4.298e-07	1.109e-09	0.12
NODE737	6.222e-08	4.298e-07	1.067e-08	1.19
SAMEA5054090	3.103e-06	2.149e-07	8.969e-10	0.10
NODE739	1.523e-06	2.365e-06	1.201e-08	1.34
NODE740	3.017e-06	9.036e-06	2.398e-08	2.67
NODE741	4.429e-06	1.054e-05	2.044e-08	2.28
GCA_000169615.1_ASM16961v1_genomic	4.485e-07	1.850e-21	1.675e-09	0.19
GCA_000013825.1_ASM1382v1_genomic	9.866e-08	1.839e-21	7.408e-09	0.83
GCA_003798225.1_ASM379822v1_genomic	-1.000e-12	1.838e-21	8.969e-09	1.00
NODE746	4.076e-06	1.140e-05	2.389e-08	2.66
GCA_000835005.1_ASM83500v1_genomic	6.304e-07	2.149e-07	3.597e-09	0.40
NODE748	3.344e-07	8.597e-07	1.296e-08	1.44
IP542	-1.000e-12	1.804e-21	8.969e-09	1.00
IP543	8.968e-09	1.811e-21	8.954e-09	1.00
NODE751	4.127e-06	2.364e-06	5.531e-09	0.62
GCA_000323605.1_ASM32360v1_genomic	3.534e-06	3.011e-21	8.969e-10	0.10
GCA_000323965.1_ASM32396v1_genomic	3.319e-06	2.998e-21	8.969e-10	0.10
GCA_000325165.1_ASM32516v1_genomic	3.597e-06	4.298e-07	1.140e-09	0.13
NODE757	2.961e-07	4.298e-07	9.889e-09	1.10
GCA_000323785.1_ASM32378v1_genomic	3.336e-06	3.020e-21	8.969e-10	0.10
NODE761	3.077e-06	2.149e-07	8.969e-10	0.10
GCA_000323745.1_ASM32374v1_genomic	1.333e-07	4.298e-07	1.131e-08	1.26
GCA_000324285.1_ASM32428v1_genomic	3.466e-08	3.040e-21	8.474e-09	0.94
NODE788	3.109e-06	1.289e-06	3.959e-09	0.44
GCA_000022845.1_ASM2284v1_genomic	1.111e-07	2.149e-07	9.703e-09	1.08
GCA_000323285.1_ASM32328v1_genomic	1.111e-07	1.990e-21	5.951e-09	0.66
GCA_000324105.1_ASM32410v1_genomic	2.366e-07	6.447e-07	1.246e-08	1.39
NODE764	2.063e-06	8.596e-07	4.209e-09	0.47
NODE765	9.502e-07	6.447e-07	6.218e-09	0.69
GCA_000323545.1_ASM32354v1_genomic	1.612e-07	3.004e-21	5.075e-09	0.57
GCA_000323885.1_ASM32388v1_genomic	9.843e-08	4.298e-07	1.119e-08	1.25
NODE769	3.137e-07	4.298e-07	1.015e-08	1.13
GCA_000323445.1_ASM32344v1_genomic	1.435e-07	3.024e-21	5.939e-09	0.66
GCA_000323865.1_ASM32386v1_genomic	-1.000e-12	1.984e-21	8.950e-09	1.00
NODE772	8.133e-07	1.075e-06	9.987e-09	1.11
NODE773	2.974e-07	2.149e-07	8.260e-09	0.92
GCA_000324745.1_ASM32474v1_genomic	1.801e-07	2.149e-07	9.420e-09	1.05
NODE775	1.801e-07	2.149e-07	9.420e-09	1.05
GCA_000323685.1_ASM32368v1_genomic	5.382e-08	3.000e-21	8.440e-09	0.94
GCA_000324085.1_ASM32408v1_genomic	-1.000e-12	3.025e-21	8.969e-09	1.00
NODE778	1.456e-07	2.149e-07	9.956e-09	1.11
GCA_000323825.1_ASM32382v1_genomic	-1.000e-12	3.013e-21	8.969e-09	1.00
GCA_000324685.1_ASM32468v1_genomic	8.969e-08	3.012e-21	7.639e-09	0.85
GCA_000324705.1_ASM32470v1_genomic	8.969e-08	3.039e-21	7.639e-09	0.85
GCA_000323805.1_ASM32380v1_genomic	9.866e-08	2.149e-07	9.977e-09	1.11
GCA_000324725.1_ASM32472v1_genomic	2.511e-07	2.997e-21	3.791e-09	0.42
NODE793	1.919e-07	4.298e-07	1.126e-08	1.25
GCA_000022805.1_ASM2280v1_genomic	3.297e-06	3.006e-21	8.969e-10	0.10
NODE795	9.204e-08	2.149e-07	9.977e-09	1.11
NODE796	2.677e-06	1.289e-06	4.528e-09	0.50
GCA_000324785.1_ASM32478v1_genomic	2.854e-07	2.149e-07	8.299e-09	0.93
GCA_000324365.1_ASM32436v1_genomic	2.854e-07	2.149e-07	8.299e-09	0.93
GCA_000324405.1_ASM32440v1_genomic	3.302e-07	6.447e-07	1.231e-08	1.37
GCA_000324765.1_ASM32476v1_genomic	2.674e-07	2.149e-07	8.566e-09	0.96
GCA_000324385.1_ASM32438v1_genomic	3.123e-07	2.149e-07	7.896e-09	0.88
GCA_000325465.1_ASM32546v1_genomic	8.804e-08	2.149e-07	9.864e-09	1.10
GCA_000022825.1_ASM2282v1_genomic	3.123e-07	1.982e-21	3.211e-09	0.36
GCA_000325385.1_ASM32538v1_genomic	2.674e-07	2.995e-21	3.937e-09	0.44
NODE812	3.715e-08	2.149e-07	9.335e-09	1.04
GCA_000324845.1_ASM32484v1_genomic	2.398e-08	2.149e-07	9.301e-09	1.04
GCA_000325365.1_ASM32536v1_genomic	2.398e-08	3.030e-21	8.912e-09	0.99
NODE815	1.310e-06	5.375e-06	2.565e-08	2.86
GCA_000324825.1_ASM32482v1_genomic	1.357e-06	4.298e-07	3.217e-09	0.36
GCA_000323985.1_ASM32398v1_genomic	1.411e-06	6.447e-07	4.447e-09	0.50
NODE819	1.016e-06	2.579e-06	1.753e-08	1.95
GCA_000182505.1_ASM18250v1_genomic	0.000e+00	1.958e-21	8.969e-09	1.00
IP579	-1.000e-12	1.929e-21	8.969e-09	1.00
NODE861	5.312e-07	8.596e-07	1.215e-08	1.35
GCA_900460465.1_57940_B01_genomic	7.629e-07	1.962e-21	8.969e-10	0.10
NODE863	9.243e-07	2.579e-06	1.814e-08	2.02
GCA_000834905.1_ASM83490v1_genomic	-1.000e-12	1.951e-21	8.969e-09	1.00
GCA_003798085.1_ASM379808v1_genomic	-1.000e-12	1.949e-21	8.969e-09	1.00
NODE844	5.505e-07	1.504e-06	1.596e-08	1.78
GCA_000168235.2_ASM16823v2_genomic	1.246e-06	1.951e-21	8.969e-10	0.10
GCA_000169635.1_ASM16963v1_genomic	1.336e-06	1.948e-21	8.969e-10	0.10
NODE848	2.000e-07	6.447e-07	1.255e-08	1.40
GCA_001261985.1_YPW_3_IHQD_genomic	4.270e-07	2.149e-07	5.924e-09	0.66
NODE850	1.212e-07	4.298e-07	1.119e-08	1.25
IP283	9.157e-07	1.955e-21	8.969e-10	0.10
GCA_000324805.2_EV76-CN_genomic	3.058e-07	4.298e-07	1.040e-08	1.16
NODE854	4.684e-08	4.298e-07	1.027e-08	1.15
GCA_000590535.1_EV_NIIEG_genomic	3.935e-07	4.298e-07	9.460e-09	1.05
NODE856	2.722e-07	1.290e-06	1.517e-08	1.69
GCA_000475095.2_YP009_v2_genomic	5.967e-07	3.225e-06	2.182e-08	2.43
GCA_000475115.2_YP113_v2_genomic	5.967e-07	1.075e-06	1.299e-08	1.45
NODE822	1.421e-06	4.300e-06	2.127e-08	2.37
GCA_000325405.1_ASM32540v1_genomic	3.750e-07	4.298e-07	9.329e-09	1.04
GCA_000834235.1_ASM83423v1_genomic	0.000e+00	1.919e-21	8.969e-09	1.00
NODE826	9.450e-08	2.149e-07	9.976e-09	1.11
GCA_000170275.1_ASM17027v1_genomic	2.446e-07	1.930e-21	3.463e-09	0.39
NODE829	1.097e-07	6.447e-07	1.191e-08	1.33
GCA_000325425.1_ASM32542v1_genomic	2.336e-07	1.919e-21	3.943e-09	0.44
NODE831	6.779e-08	2.149e-07	9.914e-09	1.11
GCA_000324645.1_ASM32464v1_genomic	6.711e-08	2.149e-07	9.917e-09	1.11
GCA_000325445.1_ASM32544v1_genomic	1.478e-07	2.149e-07	9.703e-09	1.08
NODE834	1.639e-07	2.149e-07	9.297e-09	1.04
GCA_000325485.1_ASM32548v1_genomic	-1.000e-12	1.924e-21	8.969e-09	1.00
GCA_000324425.1_ASM32442v1_genomic	-1.000e-12	1.924e-21	8.969e-09	1.00
GCA_000324625.1_ASM32462v1_genomic	8.072e-08	1.932e-21	7.860e-09	0.88
GCA_000324865.1_ASM32486v1_genomic	1.794e-08	1.940e-21	8.907e-09	0.99
NODE866	4.967e-07	1.289e-06	1.523e-08	1.70
NODE867	4.671e-07	1.504e-06	1.639e-08	1.83
GCA_000834755.1_ASM83475v1_genomic	3.303e-07	1.950e-21	2.242e-09	0.25
NODE869	1.725e-07	6.447e-07	1.244e-08	1.39
GCA_000268985.1_ASM26898v1_genomic	7.947e-07	4.298e-07	5.384e-09	0.60
GCA_000475155.2_YP24H_v2_genomic	6.871e-07	5.811e-06	2.710e-08	3.02
GCA_000222975.1_ASM22297v1_genomic	1.579e-07	1.940e-21	5.021e-09	0.56
GCA_000268525.1_ASM26852v1_genomic	7.947e-07	2.149e-07	3.119e-09	0.35
GCA_000269005.1_ASM26900v1_genomic	7.947e-07	2.149e-07	3.119e-09	0.35
GCA_000269025.1_ASM26902v1_genomic	7.947e-07	8.596e-07	9.231e-09	1.03
NODE880	6.535e-07	2.149e-07	4.209e-09	0.47
GCA_000181455.2_ASM18145v2_genomic	5.834e-07	2.149e-07	4.084e-09	0.46
NODE882	2.746e-07	4.298e-07	1.039e-08	1.16
GCA_000705315.1_EDB10_058v1_genomic	5.062e-07	2.149e-07	4.948e-09	0.55
GCA_000255735.1_ASM25573v1_genomic	4.972e-07	1.943e-21	1.300e-09	0.14
GCA_001509855.1_ASM150985v1_genomic	5.152e-07	1.949e-21	1.226e-09	0.14
GCA_000834335.1_ASM83433v1_genomic	3.900e-09	1.950e-21	8.813e-09	0.98
NODE885	6.409e-08	2.149e-07	9.899e-09	1.10
GCA_000834775.1_ASM83477v1_genomic	5.641e-08	1.946e-21	7.965e-09	0.89
NODE887	3.817e-08	2.149e-07	9.636e-09	1.07
GCA_001693595.1_ASM169359v1_genomic	4.577e-07	2.149e-07	5.475e-09	0.61
Reference	2.425e-07	1.720e-06	1.602e-08	1.79
NODE896	5.123e-08	2.149e-07	9.596e-09	1.07
GCA_001509865.1_ASM150986v1_genomic	4.460e-07	4.298e-07	8.325e-09	0.93
NODE898	3.320e-08	2.149e-07	9.577e-09	1.07
GCA_000255755.1_ASM25575v1_genomic	4.128e-07	1.932e-21	1.666e-09	0.19
NODE899	2.061e-07	4.298e-07	1.120e-08	1.25
GCA_000255775.1_ASM25577v1_genomic	2.067e-07	2.149e-07	8.701e-09	0.97
GCA_000255795.1_ASM25579v1_genomic	2.067e-07	1.927e-21	4.110e-09	0.46
NODE904	2.764e-08	2.149e-07	9.527e-09	1.06
NODE905	3.093e-07	1.075e-06	1.468e-08	1.64
GCA_000255815.1_ASM25581v1_genomic	7.581e-08	1.911e-21	7.781e-09	0.87
GCA_000255835.1_ASM25583v1_genomic	7.581e-08	2.149e-07	9.961e-09	1.11
NODE908	1.795e-07	1.075e-06	1.373e-08	1.53
GCA_000834495.1_ASM83449v1_genomic	1.429e-07	1.943e-21	5.544e-09	0.62
NODE910	1.300e-07	6.447e-07	1.216e-08	1.36
GCA_000255855.1_ASM25585v1_genomic	7.568e-08	2.149e-07	9.961e-09	1.11
GCA_000255875.1_ASM25587v1_genomic	7.568e-08	1.925e-21	7.781e-09	0.87
GCA_000255895.1_ASM25589v1_genomic	7.568e-08	1.925e-21	7.781e-09	0.87
NODE915	2.901e-07	4.298e-07	1.065e-08	1.19
GCA_000182525.1_ASM18252v1_genomic	1.246e-06	1.959e-21	8.969e-10	0.10
GCA_000986995.1_YPES001-SEQ-2-ASM-1_genomic	1.497e-06	1.921e-21	8.969e-10	0.10
GCA_001487065.1_Yersinia_pestis_genomic	1.551e-06	1.720e-06	9.538e-09	1.06
NODE921	9.984e-08	2.149e-07	9.976e-09	1.11
GCA_003797205.1_ASM379720v1_genomic	1.173e-06	6.447e-07	5.293e-09	0.59
NODE923	7.215e-07	2.364e-06	1.889e-08	2.11
GCA_000269465.1_ASM26946v1_genomic	8.195e-07	6.447e-07	7.237e-09	0.81
NODE925	3.107e-07	1.075e-06	1.456e-08	1.62
GCA_000268405.1_ASM26840v1_genomic	4.729e-07	4.298e-07	7.726e-09	0.86
NODE928	8.985e-08	2.149e-07	9.952e-09	1.11
GCA_000268625.1_ASM26862v1_genomic	4.010e-07	2.149e-07	5.805e-09	0.65
NODE931	1.045e-07	4.298e-07	1.120e-08	1.25
GCA_000268385.1_ASM26838v1_genomic	2.786e-07	8.596e-07	1.366e-08	1.52
GCA_000268925.1_ASM26892v1_genomic	3.145e-07	1.075e-06	1.468e-08	1.64
NODE934	1.253e-07	2.149e-07	9.721e-09	1.08
GCA_000268445.1_ASM26844v1_genomic	2.578e-07	6.447e-07	1.247e-08	1.39
GCA_000268585.1_ASM26858v1_genomic	2.578e-07	1.938e-21	3.383e-09	0.38
GCA_000268825.1_ASM26882v1_genomic	2.936e-07	2.149e-07	7.537e-09	0.84
NODE939	6.401e-08	2.149e-07	9.676e-09	1.08
GCA_000268365.1_ASM26836v1_genomic	4.089e-07	6.447e-07	1.049e-08	1.17
GCA_000268425.1_ASM26842v1_genomic	4.089e-07	4.298e-07	8.193e-09	0.91
GCA_000268605.1_ASM26860v1_genomic	4.179e-07	1.942e-21	1.371e-09	0.15
GCA_000268565.1_ASM26856v1_genomic	4.089e-07	2.149e-07	5.264e-09	0.59
NODE940	3.984e-08	2.149e-07	9.922e-09	1.11
GCA_000268505.1_ASM26850v1_genomic	3.960e-07	1.075e-06	1.422e-08	1.59
NODE942	9.023e-08	4.298e-07	1.116e-08	1.24
GCA_000268325.1_ASM26832v1_genomic	2.788e-07	1.075e-06	1.465e-08	1.63
GCA_000268345.1_ASM26834v1_genomic	2.788e-07	8.596e-07	1.366e-08	1.52
NODE953	2.880e-08	2.149e-07	9.362e-09	1.04
GCA_000268485.1_ASM26848v1_genomic	4.070e-07	1.917e-21	1.385e-09	0.15
GCA_000268485.2_ASM26848v2_genomic	4.070e-07	1.917e-21	1.385e-09	0.15
GCA_000311885.1_ASM31188v1_genomic	4.160e-07	1.910e-21	1.344e-09	0.15
GCA_000268685.1_ASM26868v1_genomic	4.160e-07	2.149e-07	5.121e-09	0.57
GCA_000268665.1_ASM26866v1_genomic	4.160e-07	6.447e-07	1.033e-08	1.15
NODE954	7.984e-08	4.298e-07	1.099e-08	1.23
GCA_000268545.1_ASM26854v1_genomic	3.003e-07	8.596e-07	1.337e-08	1.49
GCA_000269085.1_ASM26908v1_genomic	3.361e-07	1.928e-21	1.940e-09	0.22
NODE958	7.986e-08	2.149e-07	9.974e-09	1.11
GCA_000269045.1_ASM26904v1_genomic	3.361e-07	1.916e-21	1.855e-09	0.21
NODE960	3.188e-07	1.289e-06	1.560e-08	1.74
GCA_000268865.1_ASM26886v1_genomic	1.733e-08	1.943e-21	8.474e-09	0.94
GCA_000268865.2_ASM26886v2_genomic	1.733e-08	1.943e-21	8.474e-09	0.94
NODE991	6.984e-08	2.149e-07	9.977e-09	1.11
GCA_000268745.1_ASM26874v1_genomic	3.461e-07	2.149e-07	6.120e-09	0.68
NODE993	5.522e-08	2.149e-07	9.975e-09	1.11
GCA_000269145.1_ASM26914v1_genomic	2.909e-07	1.943e-21	2.712e-09	0.30
NODE995	5.724e-08	2.149e-07	9.928e-09	1.11
GCA_000268885.1_ASM26888v1_genomic	2.337e-07	2.149e-07	8.432e-09	0.94
GCA_000269205.1_ASM26920v1_genomic	2.337e-07	6.447e-07	1.255e-08	1.40
NODE965	6.827e-08	2.149e-07	9.977e-09	1.11
GCA_000268705.1_ASM26870v1_genomic	3.477e-07	1.947e-21	1.883e-09	0.21
NODE966	1.143e-07	4.298e-07	1.133e-08	1.26
GCA_000268645.1_ASM26864v1_genomic	2.245e-07	2.149e-07	8.565e-09	0.95
GCA_000269345.1_ASM26934v1_genomic	2.334e-07	6.447e-07	1.255e-08	1.40
NODE971	1.051e-07	2.149e-07	9.960e-09	1.11
GCA_000268765.1_ASM26876v1_genomic	2.426e-07	2.149e-07	7.610e-09	0.85
GCA_000268785.1_ASM26878v1_genomic	2.426e-07	4.298e-07	1.042e-08	1.16
NODE998	5.857e-08	2.149e-07	9.840e-09	1.10
NODE999	3.054e-07	8.596e-07	1.342e-08	1.50
GCA_000268805.1_ASM26880v1_genomic	5.199e-08	1.937e-21	7.715e-09	0.86
GCA_000268805.2_ASM26880v2_genomic	5.199e-08	1.937e-21	7.715e-09	0.86
NODE1002	4.716e-08	2.149e-07	9.977e-09	1.11
GCA_000268845.1_ASM26884v1_genomic	3.102e-07	1.945e-21	2.382e-09	0.27
GCA_000269445.1_ASM26944v1_genomic	3.102e-07	4.298e-07	9.842e-09	1.10
NODE1006	4.262e-08	2.149e-07	9.762e-09	1.09
GCA_000268905.1_ASM26890v1_genomic	2.676e-07	4.298e-07	1.043e-08	1.16
NODE1008	2.503e-07	1.289e-06	1.534e-08	1.71
GCA_000268725.1_ASM26872v1_genomic	1.733e-08	1.938e-21	8.912e-09	0.99
GCA_000268725.2_ASM26872v2_genomic	1.733e-08	1.938e-21	8.912e-09	0.99
NODE974	7.032e-08	2.149e-07	9.966e-09	1.11
NODE975	1.031e-07	2.149e-07	9.382e-09	1.05
GCA_000269225.1_ASM26922v1_genomic	2.426e-07	1.933e-21	3.943e-09	0.44
GCA_000269325.1_ASM26932v1_genomic	2.426e-07	2.149e-07	8.571e-09	0.96
NODE979	5.773e-08	2.149e-07	9.976e-09	1.11
GCA_000269065.1_ASM26906v1_genomic	2.879e-07	6.447e-07	1.212e-08	1.35
GCA_000269405.1_ASM26940v1_genomic	2.879e-07	6.447e-07	1.212e-08	1.35
NODE982	1.030e-07	2.149e-07	9.931e-09	1.11
GCA_000269425.1_ASM26942v1_genomic	2.426e-07	1.974e-21	2.948e-09	0.33
GCA_000268965.1_ASM26896v1_genomic	2.426e-07	2.149e-07	7.608e-09	0.85
NODE986	7.152e-08	2.149e-07	9.975e-09	1.11
GCA_000269185.1_ASM26918v1_genomic	1.711e-07	2.149e-07	8.964e-09	1.00
GCA_000269305.1_ASM26930v1_genomic	1.711e-07	2.149e-07	8.964e-09	1.00
NODE1021	7.195e-08	2.149e-07	9.862e-09	1.10
GCA_000269165.1_ASM26916v1_genomic	3.440e-07	1.075e-06	1.423e-08	1.59
GCA_000269485.1_ASM26948v1_genomic	3.440e-07	6.447e-07	1.101e-08	1.23
GCA_000269125.1_ASM26912v1_genomic	3.440e-07	2.149e-07	5.766e-09	0.64
GCA_000269265.1_ASM26926v1_genomic	3.440e-07	4.298e-07	8.746e-09	0.98
GCA_000269385.1_ASM26938v1_genomic	3.440e-07	1.946e-21	1.674e-09	0.19
NODE1034	1.014e-07	4.298e-07	1.125e-08	1.25
GCA_000268945.1_ASM26894v1_genomic	2.426e-07	1.972e-21	3.943e-09	0.44
GCA_000269105.1_ASM26910v1_genomic	2.426e-07	2.149e-07	8.571e-09	0.96
NODE1041	2.920e-07	1.075e-06	1.464e-08	1.63
GCA_000269285.1_ASM26928v1_genomic	5.199e-08	1.934e-21	7.715e-09	0.86
GCA_000269285.2_ASM26928v2_genomic	5.199e-08	1.934e-21	7.715e-09	0.86
NODE1026	4.844e-08	2.149e-07	9.976e-09	1.11
GCA_000269245.1_ASM26924v1_genomic	2.956e-07	1.930e-21	2.401e-09	0.27
NODE1028	4.979e-08	2.149e-07	9.793e-09	1.09
GCA_000268465.1_ASM26846v1_genomic	2.279e-07	8.596e-07	1.368e-08	1.52
GCA_000269365.1_ASM26936v1_genomic	2.458e-07	6.447e-07	1.234e-08	1.38
